word,level,pos
aborigine,B1,noun
abundant,B1,adjective
accessory,B1,noun
according to,B1,preposition
account,B1,verb
accustom,B1,verb
ache,B1,noun
achievement,B1,noun
acknowledgment,B1,noun
acknowledgement,B1,noun
acquaintance,B1,noun
act,B1,verb
actress,B1,noun
ad,B1,noun
addressee,B1,noun
admiration,B1,noun
adorable,B1,adjective
advance,B1,verb
adverb,B1,noun
adverbial,B1,adjective
adviser,B1,noun
advisor,B1,noun
aerobics,B1,noun
afford,B1,verb
after,B1,conjunction
afterward,B1,adverb
agenda,B1,noun
aid,B1,verb
air conditioning,B1,noun
air force,B1,noun
airline,B1,noun
alcohol,B1,noun
allergic,B1,adjective
alphabet,B1,noun
amount,B1,noun
analyze,B1,verb
analyse,B1,verb
anger,B1,noun
angle,B1,noun
announce,B1,verb
announcement,B1,noun
annoyance,B1,noun
ant,B1,noun
anti,B1,adjective
antonym,B1,noun
ape,B1,noun
approval,B1,noun
approve,B1,verb
architect,B1,noun
arithmetic,B1,noun
arrange,B1,verb
arrest,B1,noun
arrest,B1,verb
arrival,B1,noun
artist,B1,noun
aspect,B1,noun
aspirin,B1,noun
assist,B1,verb
assistant,B1,noun
assume,B1,verb
astronomer,B1,noun
Atlantic,B1,adjective
attempt,B1,verb
attraction,B1,noun
auxiliary,B1,adjective
avenue,B1,noun
babysit,B1,verb
babysitter,B1,noun
backache,B1,noun
backpack,B1,noun
backpacker,B1,noun
backpacking,B1,noun
bacon,B1,noun
baker,B1,noun
bakery,B1,noun
bandage,B1,noun
bang,B1,noun
bank account,B1,noun
bar,B1,verb
base,B1,verb
basin,B1,noun
basis,B1,noun
beard,B1,noun
beaver,B1,noun
because of,B1,preposition
bill,B1,verb
biochemistry,B1,noun
blame,B1,noun
blend,B1,verb
blog,B1,noun
blogger,B1,noun
blush,B1,noun
board,B1,verb
bomb,B1,verb
book,B1,verb
boot,B1,noun
border,B1,noun
bore,B1,verb
boredom,B1,noun
bother,B1,noun
bowl,B1,verb
bracelet,B1,noun
brainstorming,B1,noun
branch,B1,verb
brand-new,B1,adjective
breast,B1,noun
breath,B1,noun
breathless,B1,adjective
breed,B1,verb
breeding,B1,noun
broadcast,B1,noun
broccoli,B1,noun
brotherhood,B1,noun
bubble,B1,noun
builder,B1,noun
bullet,B1,noun
bulletin,B1,noun
bump,B1,verb
bunch,B1,noun
bureau,B1,noun
bust,B1,verb
butcher,B1,noun
cabbage,B1,noun
cage,B1,noun
calculate,B1,verb
calf,B1,noun
calmness,B1,noun
camel,B1,noun
campsite,B1,noun
cancel,B1,verb
cancer,B1,noun
canteen,B1,noun
capacity,B1,noun
capsule,B1,noun
capture,B1,noun
carelessness,B1,noun
carpet,B1,noun
categorize,B1,verb
categorise,B1,verb
CD-ROM,B1,noun
celebrity,B1,noun
cell,B1,noun
central heating,B1,noun
characterize,B1,verb
characterise,B1,verb
chariot,B1,noun
chase,B1,noun
chat,B1,noun
chat show,B1,noun
check-in counter,B1,noun
check-in,B1,noun
check-in desk,B1,noun
check-in,B1,noun
checkout,B1,noun
chemist,B1,noun
chest of drawers,B1,noun
chewing gum,B1,noun
choke,B1,verb
Christian,B1,adjective
chronological,B1,adjective
chuckle,B1,noun
civilization,B1,noun
civilisation,B1,noun
claim,B1,noun
clear,B1,verb
click,B1,noun
climber,B1,noun
coast,B1,verb
coffin,B1,noun
collar,B1,noun
combination,B1,noun
combine,B1,verb
comet,B1,noun
common sense,B1,noun
complement,B1,noun
conduct,B1,noun
connection,B1,noun
connexion,B1,noun
counseling,B1,noun
counselling,B1,noun
counter,B1,verb
daisy,B1,noun
dating,B1,noun
daze,B1,noun
dazzle,B1,noun
dedicate,B1,verb
defense,B1,noun
defence,B1,noun
definite article,B1,noun
devotion,B1,noun
dial,B1,noun
dialog,B1,noun
dialogue,B1,noun
diameter,B1,noun
diaper,B1,noun
diligence,B1,noun
diligent,B1,adjective
dioxide,B1,noun
disable,B1,verb
disc jockey,B1,noun
disk jockey,B1,noun
disk,B1,noun
disc,B1,noun
distinctly,B1,adverb
doc,B1,noun
doze,B1,noun
dozen,B1,determiner
dude,B1,noun
dynasty,B1,noun
earnest,B1,adjective
easygoing,B1,adjective
easy-going,B1,adjective
eco,B1,noun
ecosystem,B1,noun
ecstasy,B1,noun
either,B1,determiner
electron,B1,noun
emphasize,B1,verb
emphasize,B1,verb
encyclopedia,B1,noun
encyclopaedia,B1,noun
endanger,B1,verb
Englishman,B1,noun
eternity,B1,noun
even,B1,adjective
evenly,B1,adverb
exchange rate,B1,noun
extreme sports,B1,noun
face to face,B1,adverb
fallen,B1,adjective
fancy,B1,noun
farewell,B1,noun
farmland,B1,noun
farther,B1,adverb
farthest,B1,adverb
favorable,B1,adjective
favourable,B1,adjective
fax,B1,noun
fellow,B1,noun
festive,B1,adjective
feverishly,B1,adverb
few,B1,pronoun
finding,B1,noun
fire station,B1,noun
first floor,B1,noun
first lady,B1,noun
flash,B1,adjective
flavor,B1,noun
flavour,B1,noun
flock,B1,noun
fold,B1,noun
fondness,B1,noun
format,B1,verb
frequency,B1,noun
frying pan,B1,noun
full stop,B1,noun
full-time,B1,adverb
furnish,B1,verb
gall,B1,noun
gee,B1,interjection
general,B1,noun
genetically,B1,adverb
geographical,B1,adjective
giggle,B1,noun
ginger,B1,noun
glance,B1,verb
glide,B1,noun
glint,B1,noun
golfer,B1,noun
goodness,B1,interjection
graduation,B1,noun
gratitude,B1,noun
gravy,B1,noun
ground floor,B1,noun
grouping,B1,noun
handshake,B1,noun
hanging,B1,adjective
harbor,B1,noun
harbour,B1,noun
harness,B1,noun
hasty,B1,adjective
hatch,B1,noun
haunt,B1,noun
haven,B1,noun
healing,B1,adjective
hearing,B1,noun
heart attack,B1,noun
hearted,B1,adjective
herd,B1,noun
HIV,B1,noun
hop,B1,noun
horrify,B1,verb
humor,B1,noun
humour,B1,noun
hurriedly,B1,adverb
ice hockey,B1,noun
ice skating,B1,noun
identity card,B1,noun
illuminate,B1,verb
immigrate,B1,verb
impair,B1,verb
improper,B1,adjective
indefinite article,B1,noun
inhale,B1,verb
innermost,B1,adjective
innovator,B1,noun
inquiry,B1,noun
enquiry,B1,noun
inscribe,B1,verb
inscription,B1,noun
install,B1,verb
instal,B1,verb
instead of,B1,preposition
intentionally,B1,adverb
intermission,B1,noun
interviewee,B1,noun
involuntarily,B1,adverb
involved,B1,adjective
isle,B1,noun
ivory,B1,noun
jade,B1,noun
jail,B1,noun
gaol,B1,noun
judgment,B1,noun
judgement,B1,noun
kid,B1,verb
lasting,B1,adjective
latecomer,B1,noun
lawful,B1,adjective
lay,B1,verb
lean,B1,adjective
liberate,B1,verb
librarian,B1,noun
lifeguard,B1,noun
like,B1,conjunction
likeness,B1,noun
limp,B1,verb
liquid,B1,adjective
lodge,B1,noun
loudspeaker,B1,noun
lovingly,B1,adverb
magician,B1,noun
mailbox,B1,noun
maple,B1,noun
marble,B1,noun
marked,B1,adjective
market,B1,verb
mash,B1,verb
mathematician,B1,noun
mathematics,B1,noun
meditate,B1,verb
Mediterranean,B1,noun
memorize,B1,verb
memorise,B1,verb
message board,B1,noun
mineral,B1,noun
minimize,B1,verb
minimise,B1,verb
mischief,B1,noun
mixing bowl,B1,noun
modal verb,B1,noun
modal,B1,noun
model,B1,adjective
model,B1,verb
modem,B1,noun
moisture,B1,noun
molecule,B1,noun
monthly,B1,adverb
moral,B1,noun
moss,B1,noun
motherland,B1,noun
motionless,B1,adjective
motorcycle,B1,noun
mount,B1,noun
mountaintop,B1,noun
mourn,B1,verb
mule,B1,noun
narrate,B1,verb
narrative,B1,adjective
nationalist,B1,noun
navy blue,B1,adjective
nectar,B1,noun
neighborhood,B1,noun
neighbourhood,B1,noun
ness,B1,noun
newcomer,B1,noun
next door,B1,adverb
nod,B1,noun
noisily,B1,adverb
nor,B1,conjunction
northeastern,B1,adjective
northwestern,B1,adjective
nucleus,B1,noun
nutrient,B1,noun
occasion,B1,verb
onstage,B1,adjective
onto,B1,preposition
on to,B1,preposition
oppress,B1,verb
oppression,B1,noun
oral,B1,noun
orbit,B1,noun
orderly,B1,adjective
organism,B1,noun
organization,B1,noun
organisation,B1,noun
ought to,B1,modal auxiliary
outlaw,B1,noun
outward,B1,adjective
overjoyed,B1,adjective
overwork,B1,noun
owing,B1,adjective
paddle,B1,noun
paid,B1,adjective
paralyze,B1,verb
paralyse,B1,verb
pardon,B1,verb
participle,B1,noun
part-time,B1,adjective
patrol,B1,noun
penniless,B1,adjective
percent,B1,noun
per cent,B1,noun
phantom,B1,adjective
phoenix,B1,noun
phrasal verb,B1,noun
pick,B1,noun
piety,B1,noun
plus,B1,conjunction
pocket money,B1,noun
pollutant,B1,noun
preschool,B1,adjective
press,B1,noun
primary school,B1,noun
procrastination,B1,noun
program,B1,verb
programme,B1,verb
prohibition,B1,noun
provided,B1,conjunction
public transport,B1,noun
purify,B1,verb
question mark,B1,noun
railroad,B1,noun
rap,B1,verb
raspberry,B1,noun
ration,B1,noun
recite,B1,verb
reclaim,B1,verb
recognize,B1,verb
recognise,B1,verb
reef,B1,noun
refuse,B1,noun
rely,B1,verb
remembrance,B1,noun
remote control,B1,noun
retrospect,B1,noun
reunification,B1,noun
reunify,B1,verb
rid,B1,verb
riddle,B1,verb
roadside,B1,noun
rolling,B1,adjective
room,B1,verb
runaway,B1,noun
safari,B1,noun
safeguard,B1,noun
scatter,B1,verb
schoolmate,B1,noun
schoolteacher,B1,noun
science fiction,B1,noun
scold,B1,verb
seawater,B1,noun
seaweed,B1,noun
secondary school,B1,noun
second-hand,B1,adverb
select,B1,adjective
shadow,B1,verb
shadowy,B1,adjective
sheriff,B1,noun
ship,B1,verb
shopper,B1,noun
shrimp,B1,noun
sidewalk,B1,noun
since,B1,conjunction
skyscraper,B1,noun
slight,B1,noun
slow,B1,adverb
sneeze,B1,noun
snowstorm,B1,noun
soap opera,B1,noun
social networking,B1,noun
socially,B1,adverb
soil,B1,verb
someplace,B1,adverb
soothe,B1,verb
sophomore,B1,noun
sparkle,B1,noun
specialize,B1,verb
specialise,B1,verb
speed,B1,verb
spiral,B1,adjective
split,B1,noun
sponge,B1,noun
sportsmanship,B1,noun
stem,B1,verb
sticker,B1,noun
storyteller,B1,noun
stream,B1,verb
stricken,B1,adjective
stuffed,B1,adjective
subconscious,B1,adjective
summarize,B1,verb
summarise,B1,verb
sundial,B1,noun
swarm,B1,noun
swell,B1,verb
take,B1,noun
takeoff,B1,noun
take-off,B1,noun
tape,B1,verb
teammate,B1,noun
tease,B1,noun
teen,B1,noun
telegram,B1,noun
teller,B1,noun
thirst,B1,verb
threatening,B1,adjective
thump,B1,verb
thunderous,B1,adjective
tile,B1,noun
till,B1,conjunction
traffic jam,B1,noun
transitional,B1,adjective
travel agent,B1,noun
trim,B1,noun
trouble,B1,verb
tumble,B1,verb
turbulence,B1,noun
unable,B1,adjective
unafraid,B1,adjective
uncontrollable,B1,adjective
underage,B1,adjective
unless,B1,conjunction
until,B1,conjunction
unusually,B1,adverb
uplifted,B1,adjective
upstairs,B1,noun
used to,B1,modal auxiliary
vice,B1,adjective
vice president,B1,noun
video clip,B1,noun
visually,B1,adverb
wagon,B1,noun
warranty,B1,noun
washbowl,B1,noun
wasteful,B1,adjective
wax,B1,noun
wax,B1,verb
weather forecast,B1,noun
westward,B1,adverb
wetland,B1,noun
whenever,B1,conjunction
wherever,B1,conjunction
whether,B1,conjunction
while,B1,noun
whisper,B1,noun
whole,B1,noun
wither,B1,verb
wizard,B1,adjective
wonder,B1,noun
worn,B1,adjective
worth,B1,adjective
wrap,B1,noun
wrapping,B1,noun
wristwatch,B1,noun
-piece_group,B1,noun
-seat_restaurant,B1,noun
13th,B1,noun
14th,B1,noun
15th-century,B1,adjective
16th,B1,noun
1960s,B1,noun
20th,B1,adjective
20th-century,B1,adjective
26th,B1,noun
27th,B1,noun
27th,B1,adjective
28th,B1,adjective
29th,B1,adjective
3d_picture,B1,noun
3rd,B1,adjective
3rd,B1,noun
5th,B1,noun
5th,B1,adjective
60th,B1,noun
6th,B1,adjective
6th,B1,noun
7th,B1,adjective
93rd,B1,adjective
9th,B1,adjective
9th,B1,noun
absenteeism,B1,noun
absurdly,B1,adverb
academic,B1,noun
academically,B1,adverb
accountancy,B1,noun
accounting,B1,noun
accounting_course,B1,noun
acting,B1,noun
activity_week,B1,noun
addict,B1,verb
administration_officer,B1,noun
admiral,B1,noun
adoptive,B1,adjective
adult_life,B1,noun
adult_ticket,B1,noun
advertiser,B1,noun
advertising_agency,B1,noun
affiliate,B1,verb
afternoon_activity,B1,noun
afternoon_snack,B1,noun
aftershock,B1,noun
age_group,B1,noun
airline_ticket,B1,noun
airport_bank,B1,noun
airy,B1,adjective
alcohol_bottle,B1,noun
alfresco,B1,adjective
algebra,B1,noun
aloofness,B1,noun
anger,B1,verb
animation_film,B1,noun
antarctica,B1,noun
antennae,B1,noun
anti-television,B1,adjective
antisocial,B1,adjective
antivirus,B1,adjective
apartment_block,B1,noun
aperitif,B1,noun
apocalypse,B1,noun
apocalyptic,B1,adjective
apologize,B1,verb
apologizing,B1,noun
app,B1,noun
appetizer,B1,noun
application_form,B1,noun
aptitude_test,B1,noun
archaeological,B1,adjective
archaeologist,B1,noun
army_captain,B1,noun
army_station,B1,noun
art_class,B1,noun
art_competition,B1,noun
art_exhibition,B1,noun
art_project,B1,noun
art_studio,B1,noun
assistant_chef,B1,noun
assistant_manager,B1,noun
auction_site,B1,noun
auction_website,B1,noun
australia,B1,noun
australian,B1,adjective
avocado,B1,noun
awaken,B1,verb
ay,B1,interjection
backless,B1,adjective
backpacker_hostel,B1,noun
baking_tray,B1,noun
balcony_door,B1,noun
ballroom_dancer,B1,noun
bamboo,B1,noun
bangladeshi,B1,adjective
bank_account,B1,noun
bank_machine,B1,noun
bank_note,B1,noun
bank_rate,B1,noun
bank_robber,B1,noun
barefoot,B1,adverb
bargaining,B1,noun
basal,B1,adjective
basil,B1,noun
bath_oil,B1,noun
bbc1,B1,noun
beach_house,B1,noun
beach_town,B1,noun
bed_cover,B1,noun
bedspread,B1,noun
beekeeping,B1,noun
beetle,B1,noun
behavior,B1,noun
belonging,B1,noun
ben,B1,noun
best-seller,B1,noun
beyond,B1,adposition
bicycle_mechanic,B1,noun
bicycle_repair,B1,noun
bicycle_upkeep,B1,noun
bidder,B1,noun
birth_parent,B1,noun
birthday_cake,B1,noun
birthday_celebration,B1,noun
birthday_food,B1,noun
birthday_person,B1,noun
birthday_tradition,B1,noun
birthmark,B1,noun
biscuit_jar,B1,noun
bitterness,B1,noun
blindfold,B1,verb
blue-faced,B1,adjective
blue-white,B1,adjective
blunder,B1,noun
boa,B1,noun
boarding_school,B1,noun
boating_holiday,B1,noun
boating_trip,B1,noun
body_energy,B1,noun
body_language,B1,noun
bombshell,B1,noun
bon,B1,noun
book-keeping,B1,noun
book_collector,B1,noun
boot-cut,B1,noun
border,B1,verb
borrower,B1,noun
botanic,B1,adjective
bottle_shop,B1,noun
bottled,B1,adjective
bottom,B1,verb
bottom-up,B1,adjective
box,B1,verb
boxing_match,B1,noun
brainstorm,B1,verb
brazilian,B1,adjective
break_out,B1,verb
break_up,B1,verb
brick-field,B1,noun
brickmaker,B1,noun
brickmakers,B1,noun
bridesmaid,B1,noun
brighten,B1,verb
brightly-coloured,B1,adjective
brightness,B1,noun
bring_up,B1,verb
broom,B1,noun
broth,B1,noun
bruschetta,B1,noun
bulldog,B1,noun
bulletin_board,B1,noun
bullying,B1,noun
burial_ground,B1,noun
burial_place,B1,noun
burial_service,B1,noun
burnt,B1,adjective
burrito,B1,noun
bus_operator,B1,noun
bus_park,B1,noun
bus_service,B1,noun
bus_shelter,B1,noun
business_card,B1,noun
business_college,B1,noun
business_facility,B1,noun
business_hotel,B1,noun
business_language,B1,noun
business_setting,B1,noun
byline,B1,noun
c'mon,B1,interjection
cab_licence,B1,noun
cab_light,B1,noun
calculus,B1,noun
call_center,B1,noun
call_up,B1,verb
calm,B1,noun
calming,B1,adjective
cam,B1,noun
cam_phone,B1,noun
cambodian,B1,adjective
camper,B1,noun
can,B1,verb
captive,B1,adjective
car_park_attendant,B1,noun
car_repair,B1,noun
carbon_footprint,B1,noun
card_holder,B1,noun
card_trick,B1,noun
carrier_bag,B1,noun
cashmere_scarf,B1,noun
castor,B1,noun
cat_spirit,B1,noun
catch_up,B1,verb
celebrity_lookalike,B1,noun
celebrity_profile,B1,noun
centaur,B1,noun
chacacterful,B1,adjective
chalk,B1,noun
challenger,B1,noun
chancery,B1,noun
chaperone,B1,noun
charity_donation_center,B1,noun
chat_room,B1,noun
checklist,B1,noun
cheeseburger,B1,noun
chemistry_homework,B1,noun
chewing_gum,B1,noun
chicken_recipe,B1,noun
chickpea,B1,noun
child_education_counsellor,B1,noun
child_psychologist,B1,noun
child_ticket,B1,noun
childhood_holiday,B1,noun
childhoodbelief,B1,noun
chilli,B1,noun
chilli_sauce,B1,noun
chitchat,B1,noun
chop_up,B1,verb
chore,B1,noun
church_choir,B1,noun
chutney,B1,noun
citizen-reporter,B1,noun
city_airport,B1,noun
city_bus,B1,noun
city_council_inspector,B1,noun
city_gate,B1,noun
city_girl,B1,noun
city_house,B1,noun
city_life,B1,noun
civil-engineering_professor,B1,noun
civil-liberty_group,B1,noun
civilisation,B1,noun
class_size,B1,noun
clean_up,B1,verb
cleanup_area,B1,noun
clear_out,B1,verb
clearing,B1,noun
clenched,B1,adjective
climate_change,B1,noun
closing_sequence,B1,noun
closing_time,B1,noun
clothes,B1,adverb
clove,B1,noun
club_president,B1,noun
clubber,B1,noun
clunky,B1,adjective
clutter_question,B1,noun
cluttered,B1,adjective
co-educational,B1,adjective
coat_peg,B1,noun
cobweb,B1,noun
coconut_cream,B1,noun
coconut_custard,B1,noun
coconut_sauce,B1,noun
coffee_facility,B1,noun
coffee_table,B1,noun
coffee_time,B1,noun
collage,B1,noun
collectable,B1,adjective
college_cycling_club,B1,noun
college_friend,B1,noun
comedy_film,B1,noun
comedy_program,B1,noun
command,B1,verb
communication_skill,B1,noun
community_service,B1,noun
commute,B1,noun
commuter,B1,noun
commuting,B1,noun
compact,B1,adjective
company_car,B1,noun
company_director,B1,noun
company_newsletter,B1,noun
complaining,B1,noun
computer_conference,B1,noun
computer_package,B1,noun
computer_problem,B1,noun
computer_store,B1,noun
computing,B1,noun
conceptual,B1,adjective
convenience_store,B1,noun
convincingly,B1,adverb
cook_pot,B1,noun
coolheaded,B1,adjective
coolly,B1,adverb
cos,B1,adposition
costing,B1,noun
costume_jewelry,B1,noun
cot,B1,noun
cotton_sheet,B1,noun
cotton_top,B1,noun
counter,B1,adverb
court_hearing,B1,noun
courthouse,B1,noun
courtroom,B1,noun
criticise,B1,verb
cross-looking,B1,adjective
cross_contamination,B1,noun
crossroad,B1,noun
culture_shock,B1,noun
cumulonimbus,B1,noun
cv,B1,noun
cycle_accessory,B1,noun
cycle_ride,B1,noun
cycle_washer,B1,noun
d,B1,noun
dance_music,B1,noun
dance_sequence,B1,noun
dating_site,B1,noun
daughters,B1,noun
day_job,B1,noun
debate_team,B1,noun
decor,B1,noun
decorating,B1,noun
decorator,B1,noun
deep_fry,B1,verb
denim_jeans,B1,noun
denomination,B1,noun
designer_suit,B1,noun
detective_work,B1,noun
diamond_exhibition,B1,noun
didgeridoo,B1,noun
dill,B1,noun
diner,B1,noun
dining,B1,noun
dinner_table,B1,noun
dirt_road,B1,noun
disconnected,B1,adjective
disgrace,B1,verb
disorganised,B1,adjective
ditch,B1,noun
diva,B1,noun
diving_exam,B1,noun
diving_qualification,B1,noun
diy,B1,noun
dj,B1,noun
dna,B1,noun
double-bedded,B1,adjective
double-glazed,B1,adjective
double_up,B1,verb
down,B1,noun
download_program,B1,noun
downloadable,B1,adjective
doze_off,B1,verb
dragon,B1,noun
drama_club,B1,noun
drama_series,B1,noun
drama_teacher,B1,noun
dream_job,B1,noun
dress-up,B1,noun
drink_price,B1,noun
drip,B1,verb
driveway,B1,noun
driving_lesson,B1,noun
drop_off,B1,verb
drowning,B1,noun
duk_bok_gi,B1,noun
duly,B1,adverb
dumbing_down,B1,noun
dungeon,B1,noun
dust_storm,B1,noun
dvd_player,B1,noun
e-mail_system,B1,noun
earmark,B1,verb
easy-going,B1,adjective
eating_experience,B1,noun
education_professor,B1,noun
education_program,B1,noun
edutainment,B1,noun
edutainment_experiment,B1,noun
elder,B1,adjective
electric,B1,noun
electricity_bill,B1,noun
emergency_prohibition_hygiene,B1,noun
emergency_staff,B1,noun
emergency_worker,B1,noun
empty,B1,verb
en-suite_accommodation,B1,noun
encashment_certificate,B1,noun
encore,B1,noun
encroach,B1,verb
encyclopedia,B1,noun
energise,B1,verb
energised,B1,adjective
energy_bill,B1,noun
energy_level,B1,noun
engagement_ring,B1,noun
engineering_company,B1,noun
entertainment_value,B1,noun
entrance_door,B1,noun
environmentally-friendly,B1,adjective
epic,B1,adjective
espionage,B1,noun
eve,B1,noun
evening-barbecue,B1,noun
evening_gown,B1,noun
evening_light,B1,noun
ex-employee,B1,noun
ex-husband,B1,noun
ex-member,B1,noun
ex-neighbours,B1,noun
exam_result,B1,noun
exercise_bike,B1,noun
export_department,B1,noun
extortionate,B1,adjective
extra-hot,B1,adjective
extractor_fan,B1,noun
extroverted,B1,adjective
eye_contact,B1,noun
eyepiece,B1,noun
fact_file,B1,noun
falafel,B1,noun
falcon,B1,noun
family_history,B1,noun
family_holiday,B1,noun
family_life,B1,noun
family_meal,B1,noun
family_meeting,B1,noun
family_member,B1,noun
family_name,B1,noun
famously,B1,adverb
farm_building,B1,noun
farming_village,B1,noun
fashion_business,B1,noun
fashion_company,B1,noun
fashion_design,B1,noun
fashion_house,B1,noun
fashion_show,B1,noun
fast-food_chain,B1,noun
fast-forward,B1,verb
fatherly,B1,adjective
favor,B1,noun
favourably,B1,adverb
fed_up,B1,adjective
felt,B1,verb
feng_shui,B1,noun
fiancé,B1,noun
fifteenth,B1,adjective
figure_out,B1,verb
figure_skating,B1,noun
fill_out,B1,verb
film_actor,B1,noun
film_costume,B1,noun
film_recommendation,B1,noun
film_star,B1,noun
fire_brigade,B1,noun
first-time_burglar,B1,noun
fish_sauce,B1,noun
fishing_area,B1,noun
fishing_boat,B1,noun
fitness_centre,B1,noun
fitness_trainer,B1,noun
fitness_training,B1,noun
fitness_training_advice,B1,noun
fitness_training_magazine,B1,noun
fitting,B1,adjective
flare,B1,verb
flash_flood,B1,noun
flat-screen_tv,B1,noun
fleece,B1,noun
flight_kl0549,B1,noun
flooding,B1,noun
flour_tortilla,B1,noun
flower_garden,B1,noun
folk_music,B1,noun
folklore,B1,noun
fonder,B1,adjective
food-thing,B1,noun
food_market,B1,noun
football_fan,B1,noun
forest_camp,B1,noun
forest_home,B1,noun
fork,B1,verb
fortress_residence,B1,noun
four_box_method,B1,noun
franc,B1,noun
freak,B1,noun
freak,B1,adjective
free-time_activity,B1,noun
free_time,B1,noun
free_time_activity,B1,noun
freelance,B1,adjective
freshly-cooked,B1,adjective
freshly-made,B1,adjective
front-facing,B1,adjective
fruit_salad,B1,noun
frying_pan,B1,noun
full-time_position,B1,noun
fun-loving,B1,adjective
fuzzy,B1,adjective
g,B1,noun
gap_year,B1,noun
gapper,B1,noun
garlic_sauce,B1,noun
gas_hob,B1,noun
gelotology,B1,noun
gi,B1,noun
gift_shop,B1,noun
gilt,B1,noun
girlish,B1,adjective
gladly,B1,adverb
glazing,B1,noun
godmother,B1,noun
gold_coin,B1,noun
gold_necklace,B1,noun
golf_course,B1,noun
goodnight,B1,interjection
gorilla_tour,B1,noun
graduate_student,B1,noun
graffiti_artist,B1,noun
graffito,B1,noun
grandad,B1,noun
granulate,B1,verb
granule,B1,noun
grape_juice,B1,noun
greasy,B1,adjective
great-grandmother,B1,noun
grey-white,B1,adjective
ground,B1,adjective
ground_chickpea,B1,noun
group_leader,B1,noun
group_setting,B1,noun
grudge,B1,noun
guardian,B1,noun
guest,B1,verb
guest_house,B1,noun
guest_room,B1,noun
guidance_counselor,B1,noun
guide_book,B1,noun
gypsy_woman,B1,noun
ha,B1,interjection
hailstone,B1,noun
hailstorm,B1,noun
hair_salon,B1,noun
hairdressing,B1,noun
half-covered,B1,adjective
half-hour,B1,noun
half-past,B1,adverb
hallway,B1,noun
halt,B1,verb
hand_basin,B1,noun
hand_over,B1,verb
handed,B1,adjective
handmade,B1,adjective
handwritten,B1,adjective
hang_out,B1,verb
hang_up,B1,verb
hare,B1,noun
harp,B1,noun
hatch,B1,verb
hate_crime,B1,noun
have,B1,noun
hawk,B1,noun
hawk_god,B1,noun
headless,B1,adjective
healing,B1,noun
health_care,B1,noun
health_module,B1,noun
health_officer,B1,noun
health_programme,B1,noun
health_service,B1,noun
heated,B1,adjective
help_out,B1,verb
here,B1,verb
hiccup,B1,verb
high-backed,B1,adjective
high-class_restaurant,B1,noun
high-heeled,B1,adjective
high-speed_link,B1,noun
high_school,B1,noun
hillside,B1,noun
history_book,B1,noun
hog,B1,noun
holiday_company,B1,noun
holiday_destination,B1,noun
holiday_pay,B1,noun
homesick,B1,adjective
hone,B1,verb
honeymoon_adventure,B1,noun
honour,B1,verb
honourable,B1,adjective
hook_up,B1,verb
hoped-for,B1,adjective
hormone,B1,noun
horribly,B1,adverb
hose,B1,noun
hospital_visit,B1,noun
hospital_website,B1,noun
hospitality_industry,B1,noun
hotel_group,B1,noun
household_chore,B1,noun
household_name,B1,noun
househusband,B1,noun
housekeeping,B1,noun
housekeeping_bill,B1,noun
housekeeping_key,B1,noun
hr,B1,noun
human_resources_page,B1,noun
human_resources_website,B1,noun
hurtful,B1,adjective
hypnosis,B1,noun
hypnotist,B1,noun
hypnotize,B1,verb
i,B1,noun
ice_cream_business,B1,noun
immersion,B1,noun
inbox,B1,noun
incidental,B1,adjective
inspiring,B1,adjective
instant-messaging_system,B1,noun
intercom,B1,noun
interior,B1,adjective
internet_dating,B1,noun
internet_domain,B1,noun
internet_domain_name,B1,noun
internet_file,B1,noun
internet_forum,B1,noun
introversion,B1,noun
introverted,B1,adjective
intrusive,B1,adjective
inventory,B1,verb
inventory,B1,noun
inventory_party,B1,noun
inventory_tag,B1,noun
inventorying,B1,noun
iron_gate,B1,noun
island_nation,B1,noun
it_session,B1,noun
jam_jar,B1,noun
jaywalking,B1,noun
jazz_session,B1,noun
jazz_tutor,B1,noun
jewellery_shop,B1,noun
jewelry_store,B1,noun
jewish,B1,adjective
job_advert,B1,noun
job_agency,B1,noun
job_condition,B1,noun
job_interview,B1,noun
job_offer,B1,noun
job_prospect,B1,noun
judgement,B1,noun
junk,B1,verb
junk_drawer,B1,noun
junk_shop,B1,noun
juror_intimidation,B1,noun
kayak,B1,verb
keep_up,B1,verb
kidnapper,B1,noun
kidnapping,B1,noun
kitchen_machine,B1,noun
kitchen_paper,B1,noun
knocking,B1,noun
kora_player,B1,noun
korean,B1,adjective
lacy,B1,adjective
lake,B1,verb
landscaped,B1,adjective
language_lesson,B1,noun
language_study,B1,noun
lapis,B1,noun
lapis_lazuli,B1,noun
lasagne,B1,noun
lather,B1,noun
laughing,B1,noun
laughter_exercise,B1,noun
laughter_teacher,B1,noun
law-hand,B1,noun
law-writer,B1,noun
law-writing,B1,noun
lay,B1,noun
lazuli,B1,noun
leap_year,B1,noun
leapling,B1,noun
learning_experience,B1,noun
learning_process,B1,noun
leather_bag,B1,noun
leftover,B1,adjective
lemur,B1,noun
lentil,B1,noun
less-known,B1,adjective
let_out,B1,verb
letter_page,B1,noun
library_book,B1,noun
license,B1,noun
life-qualification,B1,noun
life_path,B1,noun
lighthouse,B1,noun
lightning_bolt,B1,noun
likeminded,B1,adjective
limousine,B1,noun
linoleum,B1,noun
lipstick,B1,noun
localize,B1,verb
locally,B1,adverb
locker_room,B1,noun
log,B1,verb
long-dead,B1,adjective
long-distance_relationship,B1,noun
long-distance_swimmer,B1,noun
long-lost,B1,adjective
long-sleeved,B1,adjective
longtime,B1,adjective
lookalike,B1,noun
lookout,B1,noun
lord,B1,noun
loser,B1,noun
lotus_flower,B1,noun
love_letter,B1,noun
low-calorie,B1,adjective
low-energy_bulb,B1,noun
luck_school,B1,noun
luge,B1,noun
luge,B1,verb
luge_athlete,B1,noun
lunch_break,B1,noun
lyre,B1,noun
m,B1,noun
magazine_article,B1,noun
magazine_subscription,B1,noun
magic_ointment,B1,noun
magic_trick,B1,noun
mail_record,B1,noun
make_up,B1,verb
makeover,B1,noun
makeshift,B1,adjective
maltese,B1,noun
marina,B1,noun
market_building,B1,noun
market_researcher,B1,noun
market_stall,B1,noun
marketing_manager,B1,noun
marking,B1,noun
marriage_class,B1,noun
math_teacher,B1,noun
mathematics_module,B1,noun
maths_exam,B1,noun
mayfly,B1,noun
mayonnaise,B1,noun
me,B1,noun
mealtime,B1,noun
meantime,B1,adverb
meatball,B1,noun
meaty,B1,adjective
media_example,B1,noun
megacity,B1,noun
membership_card,B1,noun
memorabilia,B1,noun
memorabilia_business,B1,noun
memorably,B1,adverb
memorandum,B1,noun
memorize,B1,verb
messaging,B1,noun
metal_bench,B1,noun
metal_detector,B1,noun
miaow,B1,verb
michelin,B1,noun
microcredit,B1,noun
microcredit_organisation,B1,noun
military,B1,noun
miniskirt,B1,noun
misdirection,B1,noun
miss,B1,noun
miss,B1,interjection
miss_out,B1,verb
mistake,B1,verb
mixed,B1,adjective
mixing_process,B1,noun
ml,B1,noun
moaning,B1,noun
module,B1,noun
money-lender,B1,noun
money_changer,B1,noun
money_expert,B1,noun
money_matter,B1,noun
money_problem,B1,noun
money_tip,B1,noun
moneylender,B1,noun
monolingual,B1,adjective
monsoon,B1,noun
mooc,B1,noun
moon_landing,B1,noun
moonwalk,B1,verb
morning_service,B1,noun
mosaic,B1,adjective
motivational,B1,adjective
motor_home,B1,noun
motorhome,B1,noun
mountain_gorilla,B1,noun
mountain_home,B1,noun
mountain_lion,B1,noun
mountainside,B1,noun
mouse_lemur,B1,noun
mozzarella,B1,noun
mozzarella_cheese,B1,noun
mp3_download,B1,noun
mp3s,B1,noun
muffler,B1,noun
multi-storey,B1,adjective
multimedia_presence,B1,noun
murderous,B1,adjective
muse,B1,noun
museum_guidebook,B1,noun
museum_piece,B1,noun
music_box,B1,noun
music_college,B1,noun
music_session,B1,noun
music_store,B1,noun
music_teacher,B1,noun
music_trip,B1,noun
musty,B1,adjective
my,B1,adjective
myself,B1,noun
mystery_object,B1,noun
nab,B1,verb
nature_reserve,B1,noun
negativity,B1,noun
neon,B1,noun
nepalese,B1,adjective
news_report,B1,noun
news_service,B1,noun
news_story,B1,noun
newspaper_report,B1,noun
night_people,B1,noun
nightly,B1,adjective
non-stop,B1,adjective
non-verbal,B1,adjective
nothing,B1,particle
nudge,B1,verb
numeracy_skill,B1,noun
o.k.,B1,adverb
oar,B1,noun
offense,B1,noun
office_environment,B1,noun
office_job,B1,noun
offline,B1,adjective
oil_money,B1,noun
oiler,B1,noun
ok,B1,adverb
olive,B1,adjective
olive_oil,B1,noun
olympic,B1,adjective
on-the-job,B1,adjective
one-bedroom_apartment,B1,noun
one-inch_eyepiece,B1,noun
one-to,B1,adjective
online_education_course,B1,noun
onstage,B1,adverb
ooh,B1,interjection
open-mindedness,B1,noun
open_up,B1,verb
opera_singer,B1,noun
oracle,B1,noun
org_homechange_forum,B1,noun
organisation,B1,noun
organised,B1,adjective
oriented,B1,adjective
orphan_girl,B1,noun
other,B1,verb
ouch,B1,interjection
ought,B1,verb
outdated,B1,adjective
overpriced,B1,adjective
overwhelmed,B1,adjective
ow,B1,interjection
oxygen_supply,B1,noun
paella,B1,noun
paisa,B1,noun
palm_leaf_basket,B1,noun
paper_animal,B1,noun
paper_version,B1,noun
paperthin,B1,adjective
paralyzed,B1,adjective
parked,B1,adjective
parking_attendant,B1,noun
parking_department,B1,noun
parking_fee,B1,noun
parking_fine,B1,noun
parking_ticket,B1,noun
part,B1,adverb
party_person,B1,noun
pass_on,B1,verb
pass_rate,B1,noun
passively,B1,adverb
passport_photo,B1,noun
pastel,B1,adjective
pastel,B1,noun
patsy190,B1,noun
pattern,B1,verb
patty,B1,noun
pavement_art,B1,noun
pavement_artist,B1,noun
pavement_drawing,B1,noun
peanut_sauce,B1,noun
peckish,B1,adjective
peeved,B1,adjective
pencil_holder,B1,noun
pension_plan,B1,noun
performance_art,B1,noun
performance_artist,B1,noun
performed,B1,verb
personality_trait,B1,noun
pet_dog,B1,noun
pet_food,B1,noun
petro-chemical,B1,noun
petrol_station,B1,noun
phew,B1,interjection
phoenician,B1,adjective
phone_card,B1,noun
phone_code,B1,noun
phone_conversation,B1,noun
phone_up,B1,verb
phony,B1,adjective
photo_album,B1,noun
photography_class,B1,noun
physicist,B1,noun
physics_module,B1,noun
pic,B1,noun
pick_out,B1,verb
pigeon_hole,B1,noun
pinch,B1,noun
pitied,B1,verb
piñata,B1,noun
place_mat,B1,noun
plaid,B1,noun
playing,B1,noun
playscheme,B1,noun
plough,B1,verb
plough,B1,noun
plush,B1,adjective
pocket_money,B1,noun
point_out,B1,verb
police_custody,B1,noun
police_diver,B1,noun
police_force,B1,noun
polyester,B1,noun
polynesian,B1,adjective
poor-looking,B1,adjective
population_dynamic,B1,noun
porcini,B1,noun
position,B1,verb
post-apocalyptic,B1,adjective
postage,B1,noun
posting,B1,noun
pousada,B1,noun
pre-heat,B1,verb
pre-intermediate,B1,adjective
predictably,B1,adverb
prefabricated,B1,adjective
pressure_cooker,B1,noun
print_edition,B1,noun
print_out,B1,verb
prison_cell,B1,noun
probation,B1,noun
problem_solver,B1,noun
problem_solving,B1,noun
production_facility,B1,noun
professional-looking,B1,adjective
professionally,B1,adverb
prolactin,B1,noun
provided,B1,verb
psycho,B1,noun
publishing_company,B1,noun
pulse_rate,B1,noun
push_out,B1,verb
pvr,B1,noun
quart,B1,noun
queue_up,B1,verb
quiz_show,B1,noun
raccoon,B1,noun
racecourse,B1,noun
racing_bike,B1,noun
radio_journalist,B1,noun
radio_station,B1,noun
raft,B1,verb
railway_museum,B1,noun
rattan_basket,B1,noun
ready-made,B1,noun
ready-to-eat,B1,adjective
real-life_exercise,B1,noun
realise,B1,verb
rear-facing,B1,adjective
recipe_book,B1,noun
recklessly,B1,adverb
recognise,B1,verb
recognised,B1,adjective
reconnect,B1,verb
record_company_executive,B1,noun
recording_studio,B1,noun
recruitment_office,B1,noun
reflex,B1,noun
refreshment,B1,noun
regularly,B1,verb
relationship_problem,B1,noun
relaxation_cd,B1,noun
remote,B1,noun
rent_out,B1,verb
rep,B1,noun
repayment,B1,noun
represented,B1,verb
research_study,B1,noun
responsibly,B1,adverb
restaurant_group,B1,noun
restaurant_meal,B1,noun
restaurant_owner,B1,noun
restaurateur,B1,noun
resting_place,B1,noun
retirement_lunch,B1,noun
return_flight,B1,noun
reunion_market,B1,noun
reunite,B1,verb
rice_cake,B1,noun
rightful,B1,adjective
rigidly,B1,adverb
rigorous,B1,adjective
river_fish,B1,noun
road_map,B1,noun
roast_chicken,B1,noun
rock_band,B1,noun
rock_star,B1,noun
roofing,B1,noun
rooftop_garden,B1,noun
rosemary,B1,noun
rub,B1,noun
rubbish_bag,B1,noun
rupee,B1,noun
résumé,B1,noun
sad,B1,verb
safety_campaign,B1,noun
sailing_course,B1,noun
sale_item,B1,noun
sale_rack,B1,noun
sales_assistant,B1,noun
sales_report,B1,noun
sales_team,B1,noun
samosa,B1,noun
samuel,B1,noun
sand_colour,B1,noun
satay,B1,noun
save_up,B1,verb
saver,B1,noun
savings_account,B1,noun
school_meal,B1,noun
school_orchestra,B1,noun
school_report,B1,noun
school_work,B1,noun
science_project,B1,noun
sclerosis,B1,noun
sculpture_class,B1,noun
sea_view,B1,noun
seabed,B1,noun
seating_area,B1,noun
seaweed_soup,B1,noun
second-big,B1,adjective
second-hand_clothes,B1,noun
secretive,B1,adjective
security_supervisor,B1,noun
secury_camera,B1,noun
seemed!,B1,unknown
self-awarress,B1,noun
semiconductor_company,B1,noun
senior_citizen_ticket,B1,noun
serendipity,B1,noun
service_station,B1,noun
serving,B1,noun
sesame_seed_paste,B1,noun
set_up,B1,verb
seventh-grade_girlfriend,B1,noun
sharing,B1,noun
sheepskin_coat,B1,noun
shipbuilding_industry,B1,noun
shirt_factory,B1,noun
shock_wave,B1,noun
shoe_collection,B1,noun
shooting_accident,B1,noun
shooting_test_question,B1,noun
shop_door,B1,noun
shop_owner,B1,noun
shopping_center,B1,noun
shopping_habit,B1,noun
shopping_street,B1,noun
short,B1,noun
show_up,B1,verb
showerhead,B1,noun
shred,B1,noun
shred,B1,verb
shut_out,B1,verb
shyly,B1,adverb
sick-looking,B1,adjective
silk_cloth,B1,noun
silk_dress,B1,noun
silk_tie,B1,noun
sixteen-year,B1,noun
sized,B1,adjective
ski_slope,B1,noun
skim,B1,noun
sleeping_pill,B1,noun
slovenian,B1,adjective
sly,B1,adjective
snowflake,B1,noun
soccer_team,B1,noun
sociak_networking_site,B1,noun
social-networking_site,B1,noun
social_networking_website,B1,noun
socialise,B1,verb
socialising,B1,noun
sociology,B1,noun
software_problem,B1,noun
solidify,B1,verb
songwriter-guitarist,B1,noun
soul_mate,B1,noun
south-west,B1,noun
soy_sauce,B1,noun
spa_vacation,B1,noun
spawn,B1,verb
spear,B1,noun
special_interest_lesson,B1,noun
specialised,B1,adjective
spelling_mistake,B1,noun
spender,B1,noun
spiced,B1,adjective
spin,B1,noun
spinet_player,B1,noun
sports_center,B1,noun
sports_class,B1,noun
sports_clothes,B1,noun
sports_event,B1,noun
sportsman,B1,noun
staff_editor,B1,noun
staff_id_card,B1,noun
stallholder,B1,noun
standby,B1,noun
star_system,B1,noun
stare,B1,noun
state_school,B1,noun
status_update,B1,noun
stay_up,B1,verb
stencil,B1,noun
step-by-step,B1,adjective
step-by-step_approach,B1,noun
stereo,B1,noun
stereotype,B1,verb
sterling,B1,noun
stiletto_heel,B1,noun
stone_chair,B1,noun
stone_temple,B1,noun
storage_area,B1,noun
straight-a,B1,adjective
street-art,B1,noun
street_artist,B1,noun
street_corner,B1,noun
street_dance,B1,noun
street_food,B1,noun
street_trader,B1,noun
street_vendor,B1,noun
stress_out,B1,verb
striped,B1,adjective
student_interaction,B1,noun
student_lounge,B1,noun
student_number,B1,noun
student_ticket,B1,noun
studio_audience,B1,noun
subway_door,B1,noun
success_story,B1,noun
suede_jacket,B1,noun
sulk,B1,verb
summarise,B1,verb
summer_destination,B1,noun
sumo,B1,noun
sumo_wrestler,B1,noun
sumo_wrestling,B1,noun
sun_cream,B1,noun
sun_god,B1,noun
sunburned,B1,adjective
sunken,B1,adjective
super-fit,B1,adjective
superflights,B1,noun
superstitious,B1,adjective
supper_club,B1,noun
suppertime,B1,noun
support_group,B1,noun
surprise_party,B1,noun
surreal,B1,adjective
swamp,B1,noun
sweeping,B1,adjective
sweetly,B1,adverb
sweetness,B1,noun
swiss,B1,adjective
swiss-french,B1,noun
table_number,B1,noun
table_service,B1,noun
tahini,B1,noun
tail,B1,verb
tailed,B1,adjective
tap_water,B1,noun
taster,B1,noun
tattoo,B1,verb
taxi_number,B1,noun
taxi_rank,B1,noun
tea_leaf,B1,noun
team_environment,B1,noun
team_up,B1,verb
tech,B1,noun
tech_product,B1,noun
tech_support,B1,noun
teddy,B1,noun
telenovela,B1,noun
telephone_number,B1,noun
television_company,B1,noun
television_news,B1,noun
television_programme,B1,noun
television_soap_opera,B1,noun
television_socket,B1,noun
television_violence,B1,noun
ten,B1,noun
tennis_ball,B1,noun
test_question,B1,noun
text-book,B1,noun
textile,B1,noun
thai,B1,adjective
theatre_ticket,B1,noun
thinly,B1,adverb
three-bedroom_house,B1,noun
three-bedroomed,B1,noun
three-course_dinner,B1,noun
three-headed,B1,adjective
three-star_hotel,B1,noun
three-star_restaurant,B1,noun
throat_problem,B1,noun
throughout,B1,adposition
throw_out,B1,verb
thx,B1,noun
ticket_machine,B1,noun
ticket_price,B1,noun
tidy_up,B1,verb
tiled,B1,adjective
time_zone,B1,noun
tire,B1,noun
toiletry,B1,noun
tomato_mixture,B1,noun
tomato_sauce,B1,noun
toothed,B1,adjective
top-traffic,B1,adjective
topping,B1,noun
torn,B1,adjective
tourist_industry,B1,noun
tourist_office,B1,noun
tourist_resort,B1,noun
tout,B1,verb
toward,B1,adposition
towel_rail,B1,noun
tower_block,B1,noun
toy_train,B1,noun
traffic_accident,B1,noun
traffic_department,B1,noun
traffic_warden,B1,noun
train_ticket,B1,noun
trainee_secretary,B1,noun
trainer_position,B1,noun
training_course,B1,noun
training_program,B1,noun
training_school,B1,noun
tram_ride,B1,noun
trash_can,B1,noun
travel_site,B1,noun
travel_writer,B1,noun
traveler,B1,noun
treadmill,B1,noun
trim,B1,verb
triple,B1,verb
turn_out,B1,verb
turquoise,B1,noun
tuvaluan,B1,noun
tv_advertising,B1,noun
tv_channel,B1,noun
tv_company,B1,noun
tv_program,B1,noun
tv_series,B1,noun
tv_show,B1,noun
tv_star,B1,noun
tweet,B1,verb
twenty-eighth,B1,adjective
twenty-first,B1,adjective
twin-bedded,B1,adjective
two-bedroom_apartment,B1,noun
two-storey_home,B1,noun
unchanging,B1,adjective
uncomprehending,B1,adjective
under-16s,B1,noun
undercover,B1,adjective
undress,B1,noun
unemployment_benefit,B1,noun
ungrateful,B1,adjective
uninviting,B1,adjective
university_course,B1,noun
university_ground,B1,noun
university_teacher,B1,noun
unless,B1,adposition
unmoved,B1,adjective
unrecognizable,B1,adjective
unrewarding,B1,adjective
unshakeable,B1,adjective
unsocial,B1,adjective
unstable,B1,adjective
unwelcome,B1,adjective
up,B1,noun
upmarket,B1,adjective
urbanisation,B1,noun
usb_stick,B1,noun
v,B1,noun
vacuuming,B1,noun
vase_maker,B1,noun
vastly,B1,adverb
veggie,B1,noun
vending_machine,B1,noun
venezuelan,B1,adjective
vice_president,B1,noun
vice_versa,B1,adverb
video_camera,B1,noun
video_option,B1,noun
video_report,B1,noun
village_child,B1,noun
violet,B1,noun
viper,B1,noun
viper_snake,B1,noun
volt,B1,noun
volunteering,B1,noun
voluntourism,B1,noun
voluntourism_holiday,B1,noun
voucher,B1,noun
waiting,B1,adjective
walkman,B1,noun
war_film,B1,noun
warden,B1,noun
washer,B1,noun
washing_powder,B1,noun
washing_programme,B1,noun
waste_paper,B1,noun
watchful,B1,adjective
water_damage,B1,noun
water_fountain,B1,noun
water_park,B1,noun
waterway,B1,noun
wc,B1,noun
weather_forecast,B1,noun
web_site,B1,noun
webcasting,B1,noun
website_designer,B1,noun
well-cooked,B1,adjective
well-loved,B1,adjective
whereabouts,B1,noun
wherever,B1,adverb
whether,B1,adposition
whispering,B1,noun
whistling_sound,B1,noun
whoops,B1,interjection
widowed,B1,adjective
wild,B1,noun
wildfire,B1,noun
wildlife-animal,B1,noun
wildlife_organisation,B1,noun
wildlife_reporter,B1,noun
wimp,B1,noun
window_shopping,B1,noun
windsurf,B1,verb
wonderfully,B1,adverb
woodwork,B1,noun
wool_turtleneck,B1,noun
woolly,B1,adjective
work_basket,B1,noun
work_contact,B1,noun
work_experience,B1,noun
work_placement,B1,noun
working,B1,noun
workload,B1,noun
workplace_version,B1,noun
workroom,B1,noun
worksheet,B1,noun
world_population,B1,noun
worth,B1,noun
wrap_up,B1,verb
wreath,B1,noun
wrestle,B1,verb
wrong,B1,noun
yard_sale,B1,noun
years,B1,noun
yellow-brown,B1,adjective
young,B1,adverb
zombie,B1,noun
access,B1,noun
behaviour,B1,noun
care,B1,noun
attack,B1,noun
battle,B1,noun
benefit,B1,noun
challenge,B1,noun
chance,B1,noun
charge,B1,noun
cod,B1,noun
atmosphere,B1,noun
change,B1,noun
appear,B1,verb
blog,B1,verb
admire,B1,verb
answer,B1,verb
comb,B1,verb
accept,B1,verb
agree,B1,verb
attack,B1,verb
bite,B1,verb
boil,B1,verb
burn,B1,verb
check,B1,verb
angel,B1,noun
barman,B1,noun
bomb,B1,noun
advanced,B1,adjective
amazed,B1,adjective
annoyed,B1,adjective
ashamed,B1,adjective
basic,B1,adjective
amusing,B1,adjective
amazing,B1,adjective
annoying,B1,adjective
charming,B1,adjective
careless,B1,adjective
absolutely,B1,adverb
approximately,B1,adverb
beautifully,B1,adverb
amazingly,B1,adverb
angrily,B1,adverb
bravely,B1,adverb
arrangement,B1,noun
asleep,B1,adjective
awake,B1,adjective
blind,B1,adjective
brief,B1,adjective
anyway,B1,adverb
accurate,B1,adjective
ancient,B1,adjective
antique,B1,adjective
awful,B1,adjective
broad,B1,adjective
afraid,B1,adjective
brave,B1,adjective
brilliant,B1,adjective
calm,B1,adjective
abroad,B1,adverb
annual,B1,adjective
burning,B1,adjective
challenging,B1,adjective
accurately,B1,adverb
briefly,B1,adverb
absent,B1,adjective
alike,B1,adjective
alright,B1,adjective
bald,B1,adjective
bright,B1,adjective
certain,B1,adjective
along,B1,adverb
aloud,B1,adverb
already,B1,adverb
any,B1,adverb
backwards,B1,adverb
besides,B1,adverb
best,B1,adverb
choice,B1,noun
club,B1,noun
accompany,B1,verb
depart,B1,verb
disagree,B1,verb
dislike,B1,verb
criminal,B1,noun
conference,B1,noun
examiner,B1,noun
dishwasher,B1,noun
diver,B1,noun
employer,B1,noun
farming,B1,noun
exhibition,B1,noun
communication,B1,noun
description,B1,noun
discussion,B1,noun
explanation,B1,noun
decision,B1,noun
election,B1,noun
destination,B1,noun
expedition,B1,noun
cyclist,B1,noun
entertainment,B1,noun
disappointment,B1,noun
excitement,B1,noun
equipment,B1,noun
employment,B1,noun
competitor,B1,noun
delivery,B1,noun
creature,B1,noun
dolphin,B1,noun
donkey,B1,noun
documentary,B1,noun
comedy,B1,noun
cough,B1,noun
elbow,B1,noun
disease,B1,noun
earache,B1,noun
comma,B1,noun
comment,B1,noun
consonant,B1,noun
cry,B1,noun
diagram,B1,noun
excuse,B1,noun
complain,B1,verb
convince,B1,verb
date,B1,verb
encourage,B1,verb
communicate,B1,verb
confirm,B1,verb
crime,B1,noun
dozen,B1,noun
extra,B1,noun
curriculum,B1,noun
degree,B1,noun
corn,B1,noun
courgette,B1,noun
cucumber,B1,noun
cottage,B1,noun
dustbin,B1,noun
duvet,B1,noun
facilities,B1,noun
currency,B1,noun
continent,B1,noun
district,B1,noun
earth,B1,noun
experiment,B1,noun
exchange,B1,noun
create,B1,verb
damage,B1,verb
defend,B1,verb
design,B1,verb
destroy,B1,verb
discover,B1,verb
decorate,B1,verb
dig,B1,verb
explore,B1,verb
fasten,B1,verb
cream,B1,noun
experience,B1,noun
doubt,B1,noun
disappoint,B1,verb
experience,B1,verb
culture,B1,noun
divorce,B1,noun
contest,B1,noun
court,B1,noun
cup,B1,noun
defence,B1,noun
disk,B1,noun
document,B1,noun
download,B1,noun
display,B1,noun
cruise,B1,noun
customs,B1,noun
departure,B1,noun
employee,B1,noun
disadvantage,B1,noun
difference,B1,noun
designer,B1,noun
ending,B1,noun
engineering,B1,noun
correction,B1,noun
director,B1,noun
difficulty,B1,noun
contract,B1,noun
crop,B1,noun
cross,B1,noun
CV,B1,noun
dance,B1,noun
date,B1,noun
detail,B1,noun
detective,B1,noun
DJ,B1,noun
drive,B1,noun
embassy,B1,noun
essay,B1,noun
event,B1,noun
expert,B1,noun
fan,B1,noun
fare,B1,noun
cotton,B1,noun
credit,B1,noun
damage,B1,noun
design,B1,noun
dirt,B1,noun
diving,B1,noun
dust,B1,noun
economics,B1,noun
effort,B1,noun
energy,B1,noun
entrance,B1,noun
custom,B1,noun
death,B1,noun
decrease,B1,noun
diet,B1,noun
drama,B1,noun
duty,B1,noun
effect,B1,noun
emergency,B1,noun
entry,B1,noun
contents,B1,noun
concentrate,B1,verb
cough,B1,verb
cycle,B1,verb
dive,B1,verb
delay,B1,verb
delete,B1,verb
deserve,B1,verb
drag,B1,verb
employ,B1,verb
compare,B1,verb
continue,B1,verb
crash,B1,verb
decrease,B1,verb
develop,B1,verb
dial,B1,verb
direct,B1,verb
dream,B1,verb
enter,B1,verb
entertain,B1,verb
exercise,B1,verb
exit,B1,verb
explode,B1,verb
disabled,B1,adjective
enjoyable,B1,adjective
environmental,B1,adjective
digital,B1,adjective
damaged,B1,adjective
delighted,B1,adjective
disappointed,B1,adjective
embarrassed,B1,adjective
exhausted,B1,adjective
experienced,B1,adjective
divorced,B1,adjective
engaged,B1,adjective
different,B1,adjective
electronic,B1,adjective
disgusting,B1,adjective
confusing,B1,adjective
disappointing,B1,adjective
easygoing,B1,adjective
embarrassing,B1,adjective
education,B1,noun
creative,B1,adjective
completely,B1,adverb
extremely,B1,adverb
dangerously,B1,adverb
excitedly,B1,adverb
enormous,B1,adjective
curious,B1,adjective
curly,B1,adjective
comic,B1,adjective
deaf,B1,adjective
exact,B1,adjective
extraordinary,B1,adjective
deep,B1,adverb
down,B1,adverb
extra,B1,adverb
elementary,B1,adjective
downstairs,B1,adjective
elderly,B1,adjective
cruel,B1,adjective
couple,B1,noun
family,B1,noun
fashionable,B1,adjective
cultural,B1,adjective
complicated,B1,adjective
depressed,B1,adjective
dressed,B1,adjective
convenient,B1,adjective
efficient,B1,adjective
condition,B1,noun
correctly,B1,adverb
definitely,B1,adverb
differently,B1,adverb
delicious,B1,adjective
dusty,B1,adjective
complete,B1,adjective
correct,B1,adjective
cosy,B1,adjective
dull,B1,adjective
duty-free,B1,adjective
early,B1,adjective
face-to-face,B1,adjective
familiar,B1,adjective
either,B1,adverb
even,B1,adverb
crew,B1,noun
goalkeeper,B1,noun
freezer,B1,noun
heater,B1,noun
firefighter,B1,noun
greeting,B1,noun
handwriting,B1,noun
ironing,B1,noun
feeling,B1,noun
fitness,B1,noun
happiness,B1,noun
instructor,B1,noun
friendship,B1,noun
fly,B1,noun
frog,B1,noun
giraffe,B1,noun
goat,B1,noun
fur,B1,noun
flute,B1,noun
gallery,B1,noun
headline,B1,noun
folk,B1,noun
graphics,B1,noun
forehead,B1,noun
human,B1,noun
flu,B1,noun
heel,B1,noun
guess,B1,noun
interview,B1,noun
issue,B1,noun
ink,B1,noun
forgive,B1,verb
foot,B1,noun
inch,B1,noun
increase,B1,verb
grade,B1,noun
flour,B1,noun
grill,B1,verb
fry,B1,verb
gym,B1,noun
hut,B1,noun
fee,B1,noun
grant,B1,noun
forecast,B1,noun
heat,B1,noun
iron,B1,noun
hug,B1,noun
housework,B1,noun
fish,B1,verb
fetch,B1,verb
hand,B1,verb
hug,B1,verb
invent,B1,verb
fold,B1,verb
iron,B1,verb
haircut,B1,noun
fool,B1,noun
hero,B1,noun
fear,B1,noun
hope,B1,noun
interest,B1,verb
girlfriend,B1,noun
groom,B1,noun
final,B1,noun
go,B1,noun
gymnastics,B1,noun
goods,B1,noun
hardware,B1,noun
ferry,B1,noun
garage,B1,noun
gate,B1,noun
harbour,B1,noun
firm,B1,noun
guard,B1,noun
importance,B1,noun
foreigner,B1,noun
hairdresser,B1,noun
hairdryer,B1,noun
invention,B1,noun
guitarist,B1,noun
improvement,B1,noun
favour,B1,noun
festival,B1,noun
fifth,B1,noun
film-maker,B1,noun
fine,B1,noun
finish,B1,noun
firework,B1,noun
flag,B1,noun
fountain,B1,noun
goal,B1,noun
ground,B1,noun
guide,B1,noun
gun,B1,noun
handkerchief,B1,noun
herb,B1,noun
hit,B1,noun
hole,B1,noun
honeymoon,B1,noun
hostel,B1,noun
infinitive,B1,noun
handball,B1,noun
fuel,B1,noun
height,B1,noun
flow,B1,verb
grow,B1,verb
hitchhike,B1,verb
fax,B1,verb
find,B1,verb
give,B1,verb
guide,B1,verb
have,B1,verb
hide,B1,verb
injure,B1,verb
install,B1,verb
intend,B1,verb
interview,B1,verb
introduce,B1,verb
film,B1,verb
float,B1,verb
follow,B1,verb
forget,B1,verb
gain,B1,verb
hunt,B1,verb
ghost,B1,noun
financial,B1,adjective
frightened,B1,adjective
intelligent,B1,adjective
grateful,B1,adjective
helpful,B1,adjective
freezing,B1,adjective
frightening,B1,adjective
imagination,B1,noun
fortunately,B1,adverb
fully,B1,adverb
heavily,B1,adverb
government,B1,noun
guilty,B1,adjective
human,B1,adjective
indeed,B1,adverb
initial,B1,noun
inform,B1,verb
front,B1,adjective
giant,B1,adjective
huge,B1,adjective
indoors,B1,adverb
first-floor,B1,adjective
fine,B1,adjective
frozen,B1,adjective
humid,B1,adjective
handsome,B1,adjective
honest,B1,adjective
hurt,B1,adjective
gay,B1,adjective
hand-held,B1,adjective
full-time,B1,adjective
inexpensive,B1,adjective
internationally,B1,adverb
intermediate,B1,adjective
historical,B1,adjective
important,B1,adjective
historic,B1,adjective
frequently,B1,adverb
funny,B1,adjective
female,B1,adjective
forbidden,B1,adjective
former,B1,adjective
frequent,B1,adjective
full,B1,adjective
future,B1,adjective
gorgeous,B1,adjective
incorrect,B1,adjective
individual,B1,adjective
first,B1,adverb
furthest,B1,adverb
half,B1,adverb
hard,B1,adverb
home,B1,adverb
fortnight,B1,noun
future,B1,noun
hurry,B1,noun
interest,B1,noun
lab,B1,noun
note,B1,verb
mate,B1,noun
lover,B1,noun
lightning,B1,noun
killer,B1,noun
murderer,B1,noun
kangaroo,B1,noun
kitten,B1,noun
mosquito,B1,noun
novel,B1,noun
literature,B1,noun
knee,B1,noun
lip,B1,noun
knickers,B1,noun
joke,B1,noun
lie,B1,noun
logo,B1,noun
joke,B1,verb
mention,B1,verb
limit,B1,noun
mile,B1,noun
millimetre,B1,noun
maximum,B1,noun
kettle,B1,noun
oven,B1,noun
lettuce,B1,noun
laboratory,B1,noun
loan,B1,noun
landscape,B1,noun
leaf,B1,noun
oil,B1,noun
jungle,B1,noun
metal,B1,noun
ocean,B1,noun
jump,B1,noun
laugh,B1,noun
jog,B1,verb
knock,B1,verb
lift,B1,verb
mend,B1,verb
lock,B1,verb
notice,B1,verb
lady,B1,noun
moustache,B1,noun
mind,B1,noun
mood,B1,noun
nephew,B1,noun
niece,B1,noun
marriage,B1,noun
league,B1,noun
net,B1,noun
leisure,B1,noun
jet,B1,noun
lorry,B1,noun
murder,B1,noun
keeper,B1,noun
lawyer,B1,noun
lighter,B1,noun
monster,B1,noun
officer,B1,noun
jogging,B1,noun
location,B1,noun
journalist,B1,noun
killing,B1,noun
item,B1,noun
jar,B1,noun
jug,B1,noun
key,B1,noun
kit,B1,noun
label,B1,noun
lecture,B1,noun
lock,B1,noun
lottery,B1,noun
mall,B1,noun
method,B1,noun
moment,B1,noun
musician,B1,noun
neighbourhood,B1,noun
nightclub,B1,noun
nightmare,B1,noun
noticeboard,B1,noun
object,B1,noun
offer,B1,noun
olive,B1,noun
opposite,B1,noun
option,B1,noun
law,B1,noun
light,B1,noun
love,B1,noun
medicine,B1,noun
nightlife,B1,noun
northeast,B1,noun
northwest,B1,noun
notice,B1,noun
jail,B1,noun
lamb,B1,noun
liquid,B1,noun
mystery,B1,noun
mix,B1,noun
let,B1,verb
mean,B1,verb
mind,B1,verb
need,B1,verb
own,B1,verb
join,B1,verb
knit,B1,verb
live,B1,verb
marry,B1,verb
mix,B1,verb
murder,B1,verb
old-fashioned,B1,adjective
middle-aged,B1,adjective
mainly,B1,adverb
lively,B1,adjective
kindly,B1,adverb
marvellous,B1,adjective
nervous,B1,adjective
lead,B1,adjective
live,B1,adjective
orchestra,B1,noun
mad,B1,adjective
madam,B1,noun
offer,B1,verb
magnificent,B1,adjective
main,B1,adjective
maximum,B1,adjective
medium,B1,adjective
minimum,B1,adjective
nearby,B1,adjective
outdoor,B1,adjective
least,B1,adverb
low,B1,adverb
more,B1,adverb
much,B1,adverb
nearby,B1,adverb
opposite,B1,adverb
minimum,B1,noun
owe,B1,verb
mild,B1,adjective
look,B1,noun
match,B1,verb
knowledge,B1,noun
original,B1,adjective
missing,B1,adjective
likely,B1,adjective
monthly,B1,adjective
lately,B1,adverb
loudly,B1,adverb
mostly,B1,adverb
obviously,B1,adverb
obvious,B1,adjective
lucky,B1,adjective
messy,B1,adjective
light,B1,adjective
local,B1,adjective
magic,B1,adjective
male,B1,adjective
modern,B1,adjective
neat,B1,adjective
necessary,B1,adjective
next-door,B1,adjective
northeast,B1,adjective
northern,B1,adjective
northwest,B1,adjective
ordinary,B1,adjective
out-of-date,B1,adjective
just,B1,adverb
loud,B1,adverb
luckily,B1,adverb
meanwhile,B1,adverb
next,B1,adverb
not,B1,adverb
nowadays,B1,adverb
nowhere,B1,adverb
once,B1,adverb
only,B1,adverb
outdoors,B1,adverb
memory,B1,noun
mess,B1,noun
permit,B1,verb
revision,B1,noun
performer,B1,noun
parking,B1,noun
punctuation,B1,noun
registration,B1,noun
pronunciation,B1,noun
pollution,B1,noun
preparation,B1,noun
relative,B1,noun
realize,B1,verb
parrot,B1,noun
penguin,B1,noun
puppy,B1,noun
poem,B1,noun
poet,B1,noun
poetry,B1,noun
sculpture,B1,noun
patient,B1,noun
pill,B1,noun
pullover,B1,noun
sandal,B1,noun
pants,B1,noun
paragraph,B1,noun
photocopy,B1,noun
phrase,B1,noun
prayer,B1,noun
promise,B1,noun
questionnaire,B1,noun
scream,B1,noun
reply,B1,noun
request,B1,noun
predict,B1,verb
pronounce,B1,verb
remind,B1,verb
request,B1,verb
say,B1,verb
promise,B1,verb
refuse,B1,verb
reply,B1,verb
scream,B1,verb
pirate,B1,noun
prisoner,B1,noun
piece,B1,noun
pile,B1,noun
science,B1,noun
pan,B1,noun
pea,B1,noun
peanut,B1,noun
pot,B1,noun
recipe,B1,noun
roll,B1,noun
saucepan,B1,noun
saucer,B1,noun
peach,B1,noun
pie,B1,noun
pineapple,B1,noun
refreshments,B1,noun
palace,B1,noun
row,B1,noun
rug,B1,noun
penny,B1,noun
planet,B1,noun
region,B1,noun
rose,B1,noun
sand,B1,noun
scenery,B1,noun
rainforest,B1,noun
rock,B1,noun
rescue,B1,noun
routine,B1,noun
rest,B1,verb
pin,B1,verb
postpone,B1,verb
pour,B1,verb
prevent,B1,verb
provide,B1,verb
rescue,B1,verb
select,B1,verb
plan,B1,verb
protect,B1,verb
push,B1,verb
respect,B1,noun
regret,B1,verb
please,B1,verb
relax,B1,verb
president,B1,noun
politics,B1,noun
romance,B1,noun
product,B1,noun
score,B1,noun
pool,B1,noun
password,B1,noun
pump,B1,noun
radio,B1,noun
pass,B1,noun
pavement,B1,noun
resort,B1,noun
port,B1,noun
sail,B1,verb
retire,B1,verb
pork,B1,noun
priest,B1,noun
recycling,B1,noun
refund,B1,noun
rebuild,B1,verb
recycle,B1,verb
owner,B1,noun
reader,B1,noun
reporter,B1,noun
rider,B1,noun
seller,B1,noun
relaxation,B1,noun
reception,B1,noun
scientist,B1,noun
possibility,B1,noun
professor,B1,noun
sailor,B1,noun
packet,B1,noun
parcel,B1,noun
pedestrian,B1,noun
period,B1,noun
pharmacy,B1,noun
pin,B1,noun
pipe,B1,noun
pleasure,B1,noun
plug,B1,noun
politician,B1,noun
postman,B1,noun
preposition,B1,noun
prescription,B1,noun
prince,B1,noun
princess,B1,noun
pronoun,B1,noun
queue,B1,noun
report,B1,noun
reward,B1,noun
ride,B1,noun
robot,B1,noun
run,B1,noun
salesman,B1,noun
saleswoman,B1,noun
season,B1,noun
secret,B1,noun
section,B1,noun
pay,B1,noun
permission,B1,noun
progress,B1,noun
property,B1,noun
research,B1,noun
room,B1,noun
powder,B1,noun
prison,B1,noun
religion,B1,noun
repair,B1,noun
result,B1,noun
salary,B1,noun
salmon,B1,noun
return,B1,noun
point,B1,verb
pick,B1,verb
plant,B1,verb
post,B1,verb
punish,B1,verb
reduce,B1,verb
require,B1,verb
rob,B1,verb
pay,B1,verb
perform,B1,verb
play,B1,verb
quit,B1,verb
race,B1,verb
report,B1,verb
revise,B1,verb
score,B1,verb
search,B1,verb
see,B1,verb
scary,B1,adjective
pretty,B1,adverb
recycled,B1,adjective
reliable,B1,adjective
political,B1,adjective
satisfied,B1,adjective
scared,B1,adjective
sensible,B1,adjective
scientific,B1,adjective
relaxing,B1,adjective
selfish,B1,adjective
quality,B1,adjective
particularly,B1,adverb
partly,B1,adverb
politely,B1,adverb
rainy,B1,adjective
sandy,B1,adjective
publish,B1,verb
pregnant,B1,adjective
quite,B1,adverb
percent,B1,adverb
secondary,B1,adjective
push,B1,noun
reserve,B1,verb
patient,B1,adjective
proud,B1,adjective
party,B1,noun
part-time,B1,adverb
promote,B1,verb
personal,B1,adjective
principal,B1,adjective
professional,B1,adjective
qualified,B1,adjective
possible,B1,adjective
realistic,B1,adjective
position,B1,noun
quality,B1,noun
perfectly,B1,adverb
pleasantly,B1,adverb
previously,B1,adverb
properly,B1,adverb
quietly,B1,adverb
rarely,B1,adverb
really,B1,adverb
recently,B1,adverb
regularly,B1,adverb
secretly,B1,adverb
previous,B1,adjective
passive,B1,adjective
past,B1,adjective
permanent,B1,adjective
present,B1,adjective
proper,B1,adjective
pure,B1,adjective
quiet,B1,adjective
rare,B1,adjective
recent,B1,adjective
second-hand,B1,adjective
secret,B1,adjective
self-service,B1,adjective
round,B1,adverb
safely,B1,adverb
thriller,B1,noun
stranger,B1,noun
swimmer,B1,noun
server,B1,noun
traveller,B1,noun
suggestion,B1,noun
translation,B1,noun
tourism,B1,noun
shark,B1,noun
tiger,B1,noun
statue,B1,noun
trumpet,B1,noun
star,B1,verb
shoulder,B1,noun
tablet,B1,noun
throat,B1,noun
thumb,B1,noun
tongue,B1,noun
sleeve,B1,noun
sweatshirt,B1,noun
tracksuit,B1,noun
shout,B1,noun
signature,B1,noun
tick,B1,noun
topic,B1,noun
speech,B1,noun
sign,B1,verb
translate,B1,verb
stripe,B1,noun
shape,B1,noun
strawberry,B1,noun
takeaway,B1,noun
spinach,B1,noun
tuna,B1,noun
sheet,B1,noun
tower,B1,noun
sum,B1,noun
tax,B1,noun
stream,B1,noun
sunshine,B1,noun
thunder,B1,noun
shore,B1,noun
sunrise,B1,noun
sunset,B1,noun
support,B1,noun
succeed,B1,verb
sunbathe,B1,verb
spill,B1,verb
stick,B1,verb
tear,B1,verb
shave,B1,verb
skill,B1,noun
talent,B1,noun
surprise,B1,verb
trust,B1,verb
ski,B1,noun
snowboard,B1,noun
stall,B1,noun
tournament,B1,noun
squash,B1,noun
switch,B1,noun
technology,B1,noun
single,B1,noun
souvenir,B1,noun
stay,B1,noun
tent,B1,noun
truck,B1,noun
tunnel,B1,noun
travel,B1,noun
strike,B1,noun
spider,B1,noun
thief,B1,noun
temple,B1,noun
trainer,B1,noun
teaching,B1,noun
training,B1,noun
situation,B1,noun
solution,B1,noun
session,B1,noun
sign,B1,noun
signpost,B1,noun
site,B1,noun
smile,B1,noun
spy,B1,noun
stick,B1,noun
stop,B1,noun
store,B1,noun
subject,B1,noun
tense,B1,noun
tissue,B1,noun
total,B1,noun
trend,B1,noun
sex,B1,noun
silk,B1,noun
sleep,B1,noun
smoke,B1,noun
southeast,B1,noun
southwest,B1,noun
stuff,B1,noun
success,B1,noun
toothpaste,B1,noun
trade,B1,noun
shadow,B1,noun
society,B1,noun
speed,B1,noun
style,B1,noun
technique,B1,noun
trouble,B1,noun
turkey,B1,noun
shop,B1,verb
skate,B1,verb
ski,B1,verb
stay,B1,verb
serve,B1,verb
solve,B1,verb
taste,B1,verb
tick,B1,verb
turn,B1,verb
sew,B1,verb
share,B1,verb
sink,B1,verb
smile,B1,verb
tour,B1,verb
train,B1,verb
soldier,B1,noun
sir,B1,noun
shocked,B1,adjective
stressed,B1,adjective
talented,B1,adjective
terrified,B1,adjective
stressful,B1,adjective
shocking,B1,adjective
surprising,B1,adjective
tiring,B1,adjective
stylish,B1,adjective
totally,B1,adverb
surprisingly,B1,adverb
spicy,B1,adjective
tasty,B1,adjective
sore,B1,adjective
therefore,B1,adverb
tiny,B1,adjective
through,B1,adverb
sour,B1,adjective
stone,B1,noun
teenage,B1,adjective
shy,B1,adjective
stupid,B1,adjective
sports,B1,adjective
team,B1,noun
sociable,B1,adjective
suitable,B1,adjective
traditional,B1,adjective
seriously,B1,adverb
softly,B1,adverb
specially,B1,adverb
suddenly,B1,adverb
shiny,B1,adjective
sticky,B1,adjective
shut,B1,adjective
silent,B1,adjective
silly,B1,adjective
similar,B1,adjective
smart,B1,adjective
soft,B1,adjective
southeast,B1,adjective
southern,B1,adjective
southwest,B1,adjective
spare,B1,adjective
special,B1,adjective
spectacular,B1,adjective
strange,B1,adjective
strong,B1,adjective
temporary,B1,adjective
thick,B1,adjective
top,B1,adjective
total,B1,adjective
TRUE,B1,adjective
still,B1,adverb
straight,B1,adverb
start,B1,noun
tear,B1,noun
time,B1,noun
unemployment,B1,noun
warning,B1,noun
wedding,B1,noun
windsurfing,B1,noun
turning,B1,noun
web,B1,noun
whale,B1,noun
underwear,B1,noun
underpants,B1,noun
vowel,B1,noun
welcome,B1,noun
warn,B1,verb
yard,B1,noun
worst,B1,noun
vegetarian,B1,noun
valley,B1,noun
waterfall,B1,noun
waste,B1,verb
wake,B1,verb
twin,B1,noun
yoga,B1,noun
virus,B1,noun
webcam,B1,noun
window,B1,noun
van,B1,noun
vehicle,B1,noun
windscreen,B1,noun
undress,B1,verb
unpack,B1,verb
user,B1,noun
writer,B1,noun
unit,B1,noun
vase,B1,noun
vet,B1,noun
visa,B1,noun
visit,B1,noun
voice,B1,noun
wardrobe,B1,noun
wheelchair,B1,noun
workout,B1,noun
zone,B1,noun
variety,B1,noun
weight,B1,noun
wildlife,B1,noun
use,B1,noun
value,B1,noun
wage,B1,noun
update,B1,verb
upload,B1,verb
type,B1,verb
understand,B1,verb
vote,B1,verb
wonder,B1,verb
unwell,B1,adjective
unexpected,B1,adjective
uninterested,B1,adjective
unemployed,B1,adjective
uninteresting,B1,adjective
unhealthy,B1,adjective
unimportant,B1,adjective
unhappy,B1,adjective
unkind,B1,adjective
well-dressed,B1,adjective
working,B1,adjective
useless,B1,adjective
written,B1,adjective
vegetarian,B1,adjective
upstairs,B1,adjective
waste,B1,noun
youth,B1,noun
unforgettable,B1,adjective
unlucky,B1,adjective
unfriendly,B1,adjective
unknown,B1,adjective
unnecessary,B1,adjective
untidy,B1,adjective
typical,B1,adjective
usual,B1,adjective
urgently,B1,adverb
upper,B1,adjective
up-to-date,B1,adjective
urgent,B1,adjective
warm,B1,adjective
waste,B1,adjective
welcome,B1,adjective
western,B1,adjective
wet,B1,adjective
why,B1,adverb
worse,B1,adverb
world,B1,noun
all,B1,determiner
against,B1,preposition
at,B1,preposition
besides,B1,preposition
between,B1,preposition
but,B1,preposition
anybody,B1,pronoun
anyone,B1,pronoun
despite,B1,preposition
double,B1,determiner
either,B1,pronoun
few,B1,determiner
into,B1,preposition
little,B1,determiner
little,B1,pronoun
none,B1,pronoun
most,B1,determiner
other,B1,determiner
nothing,B1,pronoun
regarding,B1,preposition
plenty,B1,pronoun
round,B1,preposition
their,B1,determiner
through,B1,preposition
them,B1,pronoun
underneath,B1,preposition
via,B1,preposition
what,B1,determiner
whose,B1,determiner
your,B1,determiner
we,B1,pronoun
what,B1,pronoun
whatever,B1,pronoun
who,B1,pronoun
whose,B1,pronoun
